anzhi;274
play.google.com;175
PlayDrone|play.google.com;114
play.google.com|PlayDrone;106
appchina;54
angeeks;33
slideme;9
1mobile;7
appchina|play.google.com;4
fdroid;4
unknown|genome;3
VirusShare|anzhi;2
appchina|VirusShare;2
play.google.com|appchina;2
apk_bang;2
appchina|anzhi;2
1mobile|PlayDrone|play.google.com;2
anzhi|angeeks;2
anzhi|appchina;2
anzhi|appchina|PlayDrone|play.google.com;1
anzhi|mi.com;1
anzhi|play.google.com|PlayDrone|appchina;1
anzhi|VirusShare;1
1mobile|proandroid;1
1mobile|play.google.com;1
1mobile|play.google.com|PlayDrone;1
appchina|play.google.com|anzhi|PlayDrone;1
appchina|PlayDrone|play.google.com;1
angeeks|PlayDrone|play.google.com;1
appchina|1mobile|PlayDrone|play.google.com;1
PlayDrone|mi.com|play.google.com;1
PlayDrone|play.google.com|1mobile;1
PlayDrone|play.google.com|anzhi;1
PlayDrone|play.google.com|appchina;1
hiapk;1
hiapk|angeeks|play.google.com;1
mi.com|anzhi;1
play.google.com|1mobile;1
play.google.com|1mobile|PlayDrone;1
play.google.com|angeeks;1
VirusShare|anzhi|appchina;1
VirusShare|unknown|genome;1
torrents;1
unknown|angeeks;1
